row_id,atlas,project_id,dataset_ids,label,n_cells,current_cl_id,current_cl_term,proposed_cl_id,proposed_cl_term,class,action_route,issue_template,github_issue_status,comment_status,evidence,source_tags,feedback_filed,feedback_scope,section_ref,notes,github_ticket,github_issue_state,closing_pr
001_trabecular-meshwork_beama,Trabecular meshwork,574,"12,411,242",BeamA,31160,CL:0000057,fibroblast,CL:7770003,beam A cell,under-specific,cap_comment,,,drafted,"BMP5, FABP4, EDN3; CL def specifies FABP4 in humans",CAS;CL,partial,"filed on dataset 1242 (scRNA) only, not 1241 (snRNA)",1;3;6a,,,,
002_trabecular-meshwork_beamb,Trabecular meshwork,574,"12,411,242",BeamB,11113,CL:0000057,fibroblast,CL:7770006,"beam B cell, human",under-specific,cap_comment,,,not_started,,CAS;CL,partial,"filed on dataset 1242 only, not 1241",1;3;6a,,,,
003_trabecular-meshwork_jct,Trabecular meshwork,574,"12,411,242",JCT,23671,CL:0000057,fibroblast,CL:7770002,juxtacanalicular tissue cell,under-specific,cap_comment,,,not_started,label is the term's acronym,CAS;CL,partial,"filed on dataset 1242 only, not 1241",1;3;6a,,,,
004_trabecular-meshwork_cb-fibro,Trabecular meshwork,574,,CB_Fibro,142183,CL:0000057,fibroblast,,ciliary-body fibroblast (new),new-term-found-here,github_issue,a_adding_term.md,drafted,,,CAS,no,,1;5b,,,,
005_trabecular-meshwork_schlemm-endothelium,Trabecular meshwork,574,"12,411,242",Schlemm_Endothelium,635,CL:0000115,endothelial cell,CL:4033097,Schlemm's canal endothelial cell,under-specific,cap_comment,,,not_started,feedback also adds marker PROX1,CAS;CL,partial,"filed on dataset 1242 only, not 1241",1;3;6a,,,,
006_trabecular-meshwork_uveal-melanocyte,Trabecular meshwork,574,"12,411,242",Uveal_Melanocyte,21599,CL:0000148,melanocyte,CL:4030000,choroidal melanocyte,under-specific,cap_comment,,,not_started,,CAS;CL,partial,filed on dataset 1242 only,1;3;6a,,,,
007_optic-nerve_fibro-dura,Optic nerve,621,1489,Fibro_dura,26885,CL:0000057,fibroblast,,"dura fibroblast (new; CL:1000298 is mesothelial, not fibroblast)",new-term-found-here,github_issue,a_adding_term.md,not_started,,"SLC47A1, THSD4, BICC1",CAS,no,,1;3;5b,§5b priority 1 of 6,,,
008_optic-nerve_fibro-pia,Optic nerve,621,,Fibro_pia,25789,CL:0000057,fibroblast,CL:4023058,mesothelial fibroblast of the leptomeninx (candidate),under-specific,cap_comment,,,not_started,"ABCA9, BICC1",CAS,no,,1;3;5b,,,,
009_optic-nerve_fibro-arachnoid,Optic nerve,621,,Fibro_arachnoid,32368,CL:0000057,fibroblast,CL:4023058 / CL:4023097,mesothelial fibroblast of leptomeninx / arachnoid barrier cell (candidates),under-specific,cap_comment,,,not_started,"CEMIP, PKP2, BICC1",CAS,no,,1;3;5b,,,,
010_optic-nerve_fibro-lamina-cribrosa,Optic nerve,621,,Fibro_lamina_cribrosa,3674,CL:0000057,fibroblast,,lamina cribrosa fibroblast (new),new-term-found-here,github_issue,a_adding_term.md,not_started,,"SHOX, SMOC2, BICC1",CAS,no,,1;3;5b,glaucoma-relevant,,,
011_optic-nerve_fibro-sclera,Optic nerve,621,,Fibro_sclera,15056,CL:0000057,fibroblast,CL:0000347,scleral cell,under-specific,cap_comment,,,not_started,"NOX4, BICC1",CAS,no,,1;3,,,,
012_optic-nerve_fibro-rpechoroid,Optic nerve,621,,Fibro_RPEchoroid,9425,CL:0000057,fibroblast,,,unresolved,blocked,,,,"BMP5, BICC1",CAS,no,,3,no proposal given,,,
013_optic-nerve_fibro-perivascular,Optic nerve,621,,Fibro_perivascular,3598,CL:0000057,fibroblast,CL:4052030,adventitial fibroblast (check),under-specific,cap_comment,,,not_started,"MGP, APOD, BICC1",CAS,no,,3,,,,
014_optic-nerve_fibro-x,Optic nerve,621,,Fibro_x,2130,CL:0000057,fibroblast,,,unresolved,blocked,,,,"EBF2, SLC22A3, DCN",CAS,no,,3,unnamed by the annotators,,,
015_optic-nerve_melanocyte-melanocytes,Optic nerve,621,,"Melanocyte, Melanocytes",,CL:0000148,melanocyte,CL:4030000,choroidal melanocyte,under-specific,cap_comment,,,not_started,,,no,,1,,,,
016_optic-nerve_db5,Optic nerve,621,1489,DB5,,CL:0004215,type 5a cone bipolar cell,CL:4033085,diffuse bipolar 5 cell,mis-mapping,cap_comment,,,not_started,label's own rationale says 'Mapped to mouse BC5C' (a type it says it is not); mapped to mouse type though primate term exists,CAS,no,,1,,,,
017_ocular-surface_limbus-sclera-fibroblasts-c1-c2,Ocular surface,565,,Limbus/Sclera Fibroblasts C1/C2,1179-108407,CL:0000057,fibroblast,CL:0000347,scleral cell / keratocyte,under-specific; needs-disambiguation,cap_comment,,,not_started,label pools limbus and sclera compartments,CAS,no,,1;3,disambiguate limbus vs sclera before mapping,,,
018_ocular-surface_uveal-tm-fibroblasts,Ocular surface,565,,Uveal/TM Fibroblasts,859,CL:0000057,fibroblast,CL:4030000,choroidal melanocyte (or label is a doublet),mis-mapping,cap_comment,,,not_started,"TRPM1, PMEL, TYR, PAX3, ABCB5 are melanocyte markers",CAS,no,,1;2,,,,
019_ocular-surface_schlemm-endothelium,Ocular surface,565,"12,081,209",Schlemm Endothelium,,CL:0000115,endothelial cell,CL:4033097,Schlemm's canal endothelial cell,under-specific,cap_comment,,,not_started,CL:4033098/4033099 inner/outer wall available if clusters separate,,no,,1,,,,
020_ocular-surface_uveal-melanocytes-conj-melanocytes,Ocular surface,565,,"Uveal_Melanocytes, Conj_Melanocytes",,CL:0000148,melanocyte,CL:4030000,choroidal melanocyte,under-specific,cap_comment,,,not_started,,,no,,1,,,,
021_ocular-surface_epi-tdc,Ocular surface,565,,Epi-TDC,72541,CL:0000066,epithelial cell,CL:0000575,corneal epithelial cell,under-specific,cap_comment,,,not_started,"KRT12, rising KRT3",CAS,no,,1;3,,,,
022_ocular-surface_epi-pmc-epi-tdc-pmc,Ocular surface,565,,"Epi-PMC, Epi-TDC/PMC",64378;17770,CL:0000066,epithelial cell,,corneal epithelium; differentiation-stage terms needed,under-specific; new-term-needed,both,a_adding_term.md,not_started,not_started,,CAS,no,,1;3,,,,
023_ocular-surface_limbus-epi-limbus-epi-c1-c2,Ocular surface,565,,"Limbus_Epi, Limbus_Epi-C1/C2",1719-37332,CL:0000066,epithelial cell,CL:4033093,limbal epithelium; limbal epithelial stem cell of cornea (KRT15-high one),under-specific,cap_comment,,,not_started,,CAS,no,,1;3,,,,
024_ocular-surface_lpc,Ocular surface,565,,LPC,28208,CL:0011026,progenitor cell,CL:4033093,limbal epithelial stem cell of cornea,under-specific,cap_comment,,,not_started,,CAS,no,,1;3,,,,
025_ocular-surface_unknown-epithelium,Ocular surface,565,,Unknown Epithelium,,CL:0000066,epithelial cell,,,needs-resolution-before-mapping,blocked,,,,annotators: 'not sure whether we should keep this cluster',CAS,no,,3,,,,
026_ocular-surface_fetal-epi-lsc-lpc,Ocular surface,565,,Fetal_Epi/LSC/LPC,,CL:0011026,progenitor cell,,,needs-resolution-before-mapping,blocked,,,,annotators flag same doubt as Unknown Epithelium,CAS,no,,3,,,,
027_ocular-surface_fetal-endothelium-and-endothelial-progen,Ocular surface,565,,Fetal Endothelium and Endothelial Progenitors,7313,,(endothelial label),,,annotation-defect,cap_comment,,,not_started,"TPM1, TPM2, MYL9, TAGLN, SORBS1 are mural/myofibroblast markers, not endothelial; rationale admits 'unsure majorclass'",CAS,no,,4,names two populations in one label,,,
028_rpe-choroid_fibroblasts-gene-15-labels,RPE & choroid,1058,,Fibroblasts_<gene>+ (15 labels),,CL:0000057,fibroblast,,,correct-no-action,skip,,,,marker-suffixed subclusters,,no,,1,,,,
029_rpe-choroid_fibroblasts-fetal-grhl2,RPE & choroid,1058,,Fibroblasts_Fetal_GRHL2,10,CL:0000057,fibroblast,,,mis-mapping,cap_comment,,,not_started,"GRHL2, MIR205HG are epithelial markers; own rationale concedes clustering artifact ('clustered together with other fibroblast sub-class')",,no,,2,,,,
030_rpe-choroid_fibroblasts-il6,RPE & choroid,1058,,Fibroblasts IL6+,6038,CL:0000057,fibroblast,,,annotation-defect,cap_comment,,,not_started,label says IL6; markerGenes field says IL16 (unrelated gene),,no,,4,,,,
031_rpe-choroid_11-fibroblast-labels-pi16-rationale-temp,RPE & choroid,1058,,11 fibroblast labels (PI16+ rationale template),,CL:0000057,fibroblast,,,annotation-defect,cap_comment,,,not_started,"all 11 share rationale 'This Fibroblasts PI16+ sub-class is annotated by markers PDGFRA, X' with X varying; only one is the real PI16 subclass, 10 rationales name the wrong cluster",,no,,4,,,,
032_rpe-choroid_5-rpe-labels,RPE & choroid,1058,,5 RPE labels,,,,,,filed-feedback-critique,skip,,,,"marker-addition requests: SCNN1A, KCNK13/TNFRSF12A, CCDC60/FAP",FB,yes,"marker additions only, not applied to markerGenes",6b,,,,
033_human-liver-cell-atlas_lsec,Human liver cell atlas,1045,3440,LSEC,,CL:1000398,endothelial cell of hepatic sinusoid,,,correct-no-action,skip,,,,"CLEC4G, CLEC4M, CD14",OBS;CAS,no,,2,,,,
034_human-liver-cell-atlas_periportal-lsec,Human liver cell atlas,1045,3440,Periportal LSEC,,CL:0019021,endothelial cell of periportal hepatic sinusoid,,,correct-no-action,skip,,,,CD36,OBS;CAS,no,,2,,,,
035_human-liver-cell-atlas_central-venous-lsec,Human liver cell atlas,1045,3440,Central Venous LSEC,22202,CL:1000413,endothelial cell of artery,CL:0019022,endothelial cell of pericentral hepatic sinusoid,mis-mapping,cap_comment,,,not_started,"CD14, LYVE1, FCGR2B, STAB1 (LYVE1/STAB1 are canonical pericentral LSEC pair)",OBS;CAS;CL,no,,2,category CL:0000071 blood vessel endothelial cell already correct; one-term fix,,,
036_human-liver-cell-atlas_hepatic-artery,Human liver cell atlas,1045,3440,Hepatic Artery,,CL:0002544,aortic endothelial cell,CL:1000413,endothelial cell of artery,mis-mapping,cap_comment,,,not_started,"SYT1, FBLN5, SEMA3G",OBS;CAS,no,,2,,,,
037_human-liver-cell-atlas_portal-vein,Human liver cell atlas,1045,3440,Portal Vein,,CL:0009094,endothelial cell of hepatic portal vein,,,correct-no-action,skip,,,,"CPE, CDH11, CD320",OBS;CAS,no,,2,,,,
038_human-liver-cell-atlas_cycling,Human liver cell atlas,1045,"3,440,344,134,423,440",Cycling,202-5342,CL:4033069,cycling T cell,,(not a cell type; a cell-cycle state),mis-mapping,cap_comment,,,not_started,"TOP2A, MKI67 only; recurs on endothelia(3440), hepatocyte(3441), all cells(3442), lymphocyte(3443) datasets",OBS;CAS,no,,2,a proliferating hepatocyte cluster mapped to a T cell term,,,
039_retina_db5,Retina,544,"115,411,561,157",DB5,,CL:0004215,type 5a cone bipolar cell,CL:4033085,diffuse bipolar 5 cell,mis-mapping,cap_comment,,,not_started,mapped to mouse BC5A type though primate term CL:4033085 exists,OLS;CAS,no,,1,,,,
040_retina_mg-off,Retina,544,1153,MG_OFF,200402,CL:4023188,midget ganglion cell of retina,CL:4033047,OFF midget ganglion cell,under-specific,cap_comment,,,not_started,,OLS,yes,filed (refine + an independent disagree),3;6a,,,,
041_retina_mg-on,Retina,544,,MG_ON,151685,CL:4023188,midget ganglion cell of retina,CL:4033046,ON midget ganglion cell,under-specific,cap_comment,,,not_started,,OLS,no,,3,,,,
042_retina_pg-on,Retina,544,,PG_ON,6184,CL:4023189,parasol ganglion cell of retina,CL:4033052,ON parasol ganglion cell,under-specific,cap_comment,,,not_started,,OLS,no,,3,,,,
043_retina_pg-off,Retina,544,,PG_OFF,10104,CL:4023189,parasol ganglion cell of retina,CL:4033051,OFF parasol ganglion cell,under-specific,cap_comment,,,not_started,,OLS,no,,3,,,,
044_retina_iprgc,Retina,544,,ipRGC,1292,CL:0000740,retinal ganglion cell,CL:0020014,intrinsically photosensitive retinal ganglion cell,under-specific,cap_comment,,,not_started,"canonicalMarkerGenes is OPN4 (melanopsin gene, which defines CL's term)",OLS,no,,3,worst case: mapped 3 levels up to the class parent,,,
045_retina_on-sac-off-sac,Retina,544,,ON-SAC / OFF-SAC,,CL:0004232,starburst amacrine cell,,ON/OFF starburst amacrine cell pair (new),new-term-found-here,github_issue,a_adding_term.md,not_started,,CL has no ON/OFF split for this type,OLS,no,,3;5b,§5b priority 5,,,
046_retina_db4a-db4b,Retina,544,,DB4a / DB4b,,CL:4033031,,,diffuse bipolar 4a / 4b (new),new-term-found-here,github_issue,a_adding_term.md,not_started,,genuine gap,OLS,no,,3;5b,§5b priority 4,,,
047_retina_ml-cone,Retina,544,,ML_Cone,118559,CL:0003048,L cone,CL:0000573,"split into L (CL:0003048) + M (CL:0003049), or map to parent cone photoreceptor cell",annotation-defect,cap_comment,,,not_started,label asserts M and L pooled but mapped to L-only term; rationale also misstates S Cone markers as OPN1LW/OPN1MW (those are actually L/M opsins),OLS,no,,4,,,,
048_retina_hac72,Retina,544,,HAC72,483,,(amacrine label),,,annotation-defect,cap_comment,,,not_started,"TF, RLBP1, RGR, COLEC12, CDH23 are Muller glia markers, not amacrine",OLS,no,,4;5d,folded into amacrine new-term proposal; should be excluded,,,
049_retina_hac-10-labels-gabaergic-glycinergic-amac,Retina,544,,"HAC* (10 labels, GABAergic/Glycinergic amacrine proposal)",39-44445,,,,GABAergic Glycinergic amacrine cells (single new term proposed for 10 clusters),new-term-proposal-needs-work,blocked,,,,"assessment cites GAD1, GAD2, SLC6A9 as deciding markers but none of the 10 labels lists them; clusters map to distinct mouse/macaque types in their own rationales",,no,,5d,needs pct_detected per label before submission to CL; includes HAC72 which does not belong,,,
050_heoca-lung-organoid_club-cells-level-2,HEOCA lung organoid,604,,club cells (level_2),33832,CL:0000158,club cell,,,correct-no-action,skip,,,,,CAS,no,,3,,,,
051_heoca-lung-organoid_club-cells-level-1,HEOCA lung organoid,604,,club cells (level_1),1257,CL:0000066,epithelial cell,CL:0000158,club cell,internal-inconsistency,cap_comment,,,not_started,"same label name, same dataset, mapped correctly in level_2 but to generic parent in level_1",CAS,no,,1;3,,,,
052_heoca-lung-organoid_progenitors,HEOCA lung organoid,604,,progenitors,44881,CL:0011026,progenitor cell,,,annotation-defect,cap_comment,,,not_started,markerGenes: unknown; rationale: N/A,CAS,no,,3,unmappable as it stands,,,
053_heoca-intestine_mlto-cells,HEOCA intestine,604,,mLTo cells,,,,,mesenchymal lymphoid tissue organizer cell (new),new-term-requested-by-curators,github_issue,a_adding_term.md,not_started,,well described in literature per assessment,,no,,5a,verdict: reasonable,,,
054_heoca-intestine_colonocytes-immune,HEOCA intestine,604,,"colonocytes, immune",,,,,,filed-feedback-critique,skip,,,,asks about BEST4/OTOP2/CA7/GUCA2A/B/SPIB; doubts whether 'immune' exists at all in repeatedly passaged organoids,FB,yes,,6b,,,,
055_kidney_vsmc-ren-vsmc-ren,Kidney,1006,,VSMC_REN / VSMC_REN+,184,CL:0000359,vascular associated smooth muscle cell,CL:0000648,kidney granular cell,mis-mapping,cap_comment,,,not_started,"CAP's own ontologyAssessment proposed CL:1001066 kidney arteriole SMC, also wrong; CAP's own synonyms field says 'granular cell'; CL:0000648 synonyms are JG cell/juxtaglomerular cell/renin secreting cell, matching the renin-secretion definition",OLS,no,,3,CAP's own proposed term is wrong too,,,
056_kidney_norn-cells,Kidney,1006,,Norn_cells,77;226,CL:0000057,fibroblast,,Norn cell (new),mis-mapping; new-term-found-here,both,a_adding_term.md,not_started,not_started,"CAP proposed CL:4052030 adventitial fibroblast, which is wrong (vascular-adventitia cell, not the EPO-producing peritubular interstitial cell); CL has no Norn cell term",OLS,no,,1;3;5b,§5b priority 2,,,
057_kidney_pod-ecmmodulating,Kidney,1006,,POD_ECMmodulating,446;366,CL:0000653,podocyte,CL:0002525,metanephric podocyte,correct-mapping-but-annotation-defect,cap_comment,,,not_started,"discriminating markers given as AIF1 (myeloid/microglial marker, reads as macrophage doublet contamination), SPOCK2; 'ECM modulating' is a state asserted with no ECM gene in the panel",OLS,no,,3;4,mapping itself correct; label/markers are the defect,,,
058_hlca-core_neuroendocrine,HLCA core,684,,Neuroendocrine,159,,,CL:0017000,ionocyte (candidate split),annotation-defect,cap_comment,,,not_started,"markers FOXI1, CALCA, TMEM61, ASCL5, CHGA; CALCA/CHGA/ASCL5 are PNEC markers, FOXI1 is the defining ionocyte TF -- cluster likely pools PNECs and ionocytes",,no,,4,,,,
059_hlca-core_smooth-muscle-fam83d,HLCA core,684,,Smooth muscle FAM83D+,335,,,,,annotation-defect,cap_comment,,,not_started,"FAM83D is a mitotic-spindle/proliferation-state gene, not a cell-type marker; label also lacks airway/vascular distinction",,no,,4,,,,
060_hlca_nk-cells,HLCA,684,,NK cells,16978,,,,cytotoxic gd T cell (candidate),filed-feedback-critique,skip,,,,differential TRGV9 (Vg9 gd T cell marker) among top DEGs,FB,yes,,6b,,,,
061_hlca_non-classical-monocytes,HLCA,684,,Non-classical monocytes,8834,,,,,filed-feedback-critique,skip,,,,"more like activated inflammatory monocytes in the absence of FCGR3A, CX3CR1, MS4A7",FB,yes,,6b,,,,
062_hlca_migratory-dcs,HLCA,684,,Migratory DCs,,,,,,filed-feedback-critique,skip,,,,"no markers listed; feedback proposes CCR7, FSCN1",FB,yes,"marker-addition request, not applied",6b,,,,
063_neural-organoid_astrocyte,Neural organoid,580,,astrocyte,66990,,,,,filed-feedback-critique,skip,,,,feedback: 'I don't see GFAP or ALDH1L1 ... looks like a group of multiple distinct cells'; sibling 'mature astrocyte' label gets an agree for having both,FB,yes,,6b,,,,
064_breast_vascular-endothelial,Breast,1035,,Vascular endothelial,277259,,,,split proposal (per-cluster marker evidence),filed-feedback-critique,skip,,,,,FB,yes,,6b,no CAS JSON exposed for this atlas; only covered via feedback,,,
065_breast_b-lymphocyte,Breast,1035,,B-lymphocyte,,,,,split proposal (per-cluster marker evidence),filed-feedback-critique,skip,,,,,FB,yes,,6b,,,,
066_gut_colonocyte-progenitors,Gut,1030,,Colonocyte Progenitors,,,,,(new; CAP curator-requested),new-term-requested-by-curators,github_issue,a_adding_term.md,filed,,"CL has only CL:1000347, CL:4047018 (early), CL:4047052 (BEST4+)",,no,,5a,"verdict: correct, no exact term exists",https://github.com/obophenotype/cell-ontology/issues/3775,open,
067_gut_crypt-top-colonocytes,Gut,1030,,Crypt Top Colonocytes,,,,,(new; CAP curator-requested),new-term-requested-by-curators,github_issue,a_adding_term.md,not_started,,no late/crypt-top term exists,,no,,5a,verdict: correct,,,
068_gut_mid-crypt-colonocytes,Gut,1030,,Mid Crypt Colonocytes,,,,,(new; CAP curator-requested),new-term-requested-by-curators,github_issue,a_adding_term.md,not_started,,"intermediate population exists in data, no CL term",,no,,5a,verdict: correct,,,
069_gut_enterocyte-progenitors,Gut,1030,,Enterocyte Progenitors,,,,,(new; CAP curator-requested),new-term-requested-by-curators,github_issue,a_adding_term.md,not_started,,CL:4047019 early enterocyte is nearest but not equivalent,,no,,5a,verdict: correct,,,
070_gut_mid-villus-enterocytes,Gut,1030,,Mid Villus Enterocytes,30619,CL:0000584,enterocyte,CL:1000335,enterocyte of epithelium of intestinal villus,new-term-requested-by-curators; interim-mapping-available,both,a_adding_term.md,not_started,not_started,"no mid-villus/zonation term exists, but a strictly-more-specific term than enterocyte is usable today without asserting zonation",,no,,5a;5c,curator claim correct; §5c gives sharper interim mapping,,,
071_gut_secretory-progenitors,Gut,1030,,Secretory Progenitors,4875,CL:1100001,secretory epithelial cell,CL:0009012,transit amplifying cell of small intestine,new-term-requested-by-curators; interim-mapping-available,both,a_adding_term.md,not_started,not_started,current mapping is not even an intestinal term,,no,,5a;5c,curator claim correct ('no intestinal term'); §5c gives closer interim mapping,,,
072_gut_submucosal-fibroblasts-s3,Gut,1030,,Submucosal Fibroblasts (S3),,CL:0000057,fibroblast,,submucosal gut fibroblast (new),new-term-requested-by-curators,github_issue,a_adding_term.md,not_started,,"CL has subepithelial, subserosal, lamina propria, crypt-bottom, crypt-top, fibroblastic reticular -- no submucosal",,no,,1;5a,verdict: correct,,,
073_gut_muscularis-propria-fibroblasts,Gut,1030,,Muscularis Propria Fibroblasts,,CL:0000057,fibroblast,,muscularis propria fibroblast (new),new-term-requested-by-curators,github_issue,a_adding_term.md,not_started,,doesn't fit existing S1/S2/S3 fibroblast scheme,,no,,1;5a,verdict: correct,,,
074_gut_contractile-pericytes,Gut,1030,,Contractile Pericytes,,,,,,new-term-rejected,skip,,,,assessment itself hedges: 'could also be a state change'; separate mural-cell review finds the label is actually misannotated (likely arteriolar vSMC),,no,,5a,"do NOT create this term -- hedge is right, this is a mis-annotation, not a gap",,,
